real_patch,fake_patch,manipulation_type
2021_patch_0.npy,2021_patch_0_fake.npy,context_aware_copy_paste
2021_patch_1.npy,2021_patch_1_fake.npy,context_aware_copy_paste
2021_patch_10.npy,2021_patch_10_fake.npy,context_aware_copy_paste
2021_patch_11.npy,2021_patch_11_fake.npy,spectral_inconsistency
2021_patch_12.npy,2021_patch_12_fake.npy,spectral_inconsistency
2021_patch_13.npy,2021_patch_13_fake.npy,context_aware_copy_paste
2021_patch_14.npy,2021_patch_14_fake.npy,radiometric_distortion
2021_patch_15.npy,2021_patch_15_fake.npy,noise_injection
2021_patch_16.npy,2021_patch_16_fake.npy,radiometric_distortion
2021_patch_17.npy,2021_patch_17_fake.npy,spectral_inconsistency
2021_patch_18.npy,2021_patch_18_fake.npy,radiometric_distortion
2021_patch_19.npy,2021_patch_19_fake.npy,radiometric_distortion
2021_patch_2.npy,2021_patch_2_fake.npy,spectral_inconsistency
2021_patch_20.npy,2021_patch_20_fake.npy,radiometric_distortion
2021_patch_21.npy,2021_patch_21_fake.npy,noise_injection
2021_patch_22.npy,2021_patch_22_fake.npy,radiometric_distortion
2021_patch_23.npy,2021_patch_23_fake.npy,spectral_inconsistency
2021_patch_24.npy,2021_patch_24_fake.npy,noise_injection
2021_patch_25.npy,2021_patch_25_fake.npy,spectral_inconsistency
2021_patch_26.npy,2021_patch_26_fake.npy,spectral_inconsistency
2021_patch_27.npy,2021_patch_27_fake.npy,radiometric_distortion
2021_patch_28.npy,2021_patch_28_fake.npy,radiometric_distortion
2021_patch_29.npy,2021_patch_29_fake.npy,noise_injection
2021_patch_3.npy,2021_patch_3_fake.npy,spectral_inconsistency
2021_patch_30.npy,2021_patch_30_fake.npy,radiometric_distortion
2021_patch_31.npy,2021_patch_31_fake.npy,radiometric_distortion
2021_patch_32.npy,2021_patch_32_fake.npy,radiometric_distortion
2021_patch_33.npy,2021_patch_33_fake.npy,context_aware_copy_paste
2021_patch_34.npy,2021_patch_34_fake.npy,noise_injection
2021_patch_35.npy,2021_patch_35_fake.npy,noise_injection
2021_patch_36.npy,2021_patch_36_fake.npy,radiometric_distortion
2021_patch_37.npy,2021_patch_37_fake.npy,context_aware_copy_paste
2021_patch_38.npy,2021_patch_38_fake.npy,spectral_inconsistency
2021_patch_39.npy,2021_patch_39_fake.npy,context_aware_copy_paste
2021_patch_4.npy,2021_patch_4_fake.npy,noise_injection
2021_patch_40.npy,2021_patch_40_fake.npy,noise_injection
2021_patch_41.npy,2021_patch_41_fake.npy,spectral_inconsistency
2021_patch_42.npy,2021_patch_42_fake.npy,context_aware_copy_paste
2021_patch_43.npy,2021_patch_43_fake.npy,context_aware_copy_paste
2021_patch_44.npy,2021_patch_44_fake.npy,spectral_inconsistency
2021_patch_45.npy,2021_patch_45_fake.npy,context_aware_copy_paste
2021_patch_46.npy,2021_patch_46_fake.npy,spectral_inconsistency
2021_patch_47.npy,2021_patch_47_fake.npy,noise_injection
2021_patch_48.npy,2021_patch_48_fake.npy,noise_injection
2021_patch_49.npy,2021_patch_49_fake.npy,noise_injection
2021_patch_5.npy,2021_patch_5_fake.npy,spectral_inconsistency
2021_patch_6.npy,2021_patch_6_fake.npy,noise_injection
2021_patch_7.npy,2021_patch_7_fake.npy,context_aware_copy_paste
2021_patch_8.npy,2021_patch_8_fake.npy,noise_injection
2021_patch_9.npy,2021_patch_9_fake.npy,context_aware_copy_paste
2022_patch_50.npy,2022_patch_50_fake.npy,spectral_inconsistency
2022_patch_51.npy,2022_patch_51_fake.npy,noise_injection
2022_patch_52.npy,2022_patch_52_fake.npy,noise_injection
2022_patch_53.npy,2022_patch_53_fake.npy,spectral_inconsistency
2022_patch_54.npy,2022_patch_54_fake.npy,radiometric_distortion
2022_patch_55.npy,2022_patch_55_fake.npy,context_aware_copy_paste
2022_patch_56.npy,2022_patch_56_fake.npy,context_aware_copy_paste
2022_patch_57.npy,2022_patch_57_fake.npy,spectral_inconsistency
2022_patch_58.npy,2022_patch_58_fake.npy,radiometric_distortion
2022_patch_59.npy,2022_patch_59_fake.npy,radiometric_distortion
2022_patch_60.npy,2022_patch_60_fake.npy,radiometric_distortion
2022_patch_61.npy,2022_patch_61_fake.npy,context_aware_copy_paste
2022_patch_62.npy,2022_patch_62_fake.npy,radiometric_distortion
2022_patch_63.npy,2022_patch_63_fake.npy,context_aware_copy_paste
2022_patch_64.npy,2022_patch_64_fake.npy,spectral_inconsistency
2022_patch_65.npy,2022_patch_65_fake.npy,spectral_inconsistency
2022_patch_66.npy,2022_patch_66_fake.npy,radiometric_distortion
2022_patch_67.npy,2022_patch_67_fake.npy,context_aware_copy_paste
2022_patch_68.npy,2022_patch_68_fake.npy,noise_injection
2022_patch_69.npy,2022_patch_69_fake.npy,spectral_inconsistency
2022_patch_70.npy,2022_patch_70_fake.npy,radiometric_distortion
2022_patch_71.npy,2022_patch_71_fake.npy,context_aware_copy_paste
2022_patch_72.npy,2022_patch_72_fake.npy,context_aware_copy_paste
2022_patch_73.npy,2022_patch_73_fake.npy,noise_injection
2022_patch_74.npy,2022_patch_74_fake.npy,noise_injection
2022_patch_75.npy,2022_patch_75_fake.npy,context_aware_copy_paste
2022_patch_76.npy,2022_patch_76_fake.npy,noise_injection
2022_patch_77.npy,2022_patch_77_fake.npy,radiometric_distortion
2022_patch_78.npy,2022_patch_78_fake.npy,noise_injection
2022_patch_79.npy,2022_patch_79_fake.npy,spectral_inconsistency
2022_patch_80.npy,2022_patch_80_fake.npy,radiometric_distortion
2022_patch_81.npy,2022_patch_81_fake.npy,radiometric_distortion
2022_patch_82.npy,2022_patch_82_fake.npy,noise_injection
2022_patch_83.npy,2022_patch_83_fake.npy,noise_injection
2022_patch_84.npy,2022_patch_84_fake.npy,radiometric_distortion
2022_patch_85.npy,2022_patch_85_fake.npy,radiometric_distortion
2022_patch_86.npy,2022_patch_86_fake.npy,context_aware_copy_paste
2022_patch_87.npy,2022_patch_87_fake.npy,noise_injection
2022_patch_88.npy,2022_patch_88_fake.npy,noise_injection
2022_patch_89.npy,2022_patch_89_fake.npy,context_aware_copy_paste
2022_patch_90.npy,2022_patch_90_fake.npy,noise_injection
2022_patch_91.npy,2022_patch_91_fake.npy,context_aware_copy_paste
2022_patch_92.npy,2022_patch_92_fake.npy,radiometric_distortion
2022_patch_93.npy,2022_patch_93_fake.npy,spectral_inconsistency
2022_patch_94.npy,2022_patch_94_fake.npy,noise_injection
2022_patch_95.npy,2022_patch_95_fake.npy,noise_injection
2022_patch_96.npy,2022_patch_96_fake.npy,radiometric_distortion
2022_patch_97.npy,2022_patch_97_fake.npy,spectral_inconsistency
2022_patch_98.npy,2022_patch_98_fake.npy,noise_injection
2022_patch_99.npy,2022_patch_99_fake.npy,noise_injection
2023_patch_100.npy,2023_patch_100_fake.npy,noise_injection
2023_patch_101.npy,2023_patch_101_fake.npy,noise_injection
2023_patch_102.npy,2023_patch_102_fake.npy,noise_injection
2023_patch_103.npy,2023_patch_103_fake.npy,spectral_inconsistency
2023_patch_104.npy,2023_patch_104_fake.npy,noise_injection
2023_patch_105.npy,2023_patch_105_fake.npy,spectral_inconsistency
2023_patch_106.npy,2023_patch_106_fake.npy,noise_injection
2023_patch_107.npy,2023_patch_107_fake.npy,context_aware_copy_paste
2023_patch_108.npy,2023_patch_108_fake.npy,radiometric_distortion
2023_patch_109.npy,2023_patch_109_fake.npy,radiometric_distortion
2023_patch_110.npy,2023_patch_110_fake.npy,radiometric_distortion
2023_patch_111.npy,2023_patch_111_fake.npy,spectral_inconsistency
2023_patch_112.npy,2023_patch_112_fake.npy,spectral_inconsistency
2023_patch_113.npy,2023_patch_113_fake.npy,context_aware_copy_paste
2023_patch_114.npy,2023_patch_114_fake.npy,radiometric_distortion
2023_patch_115.npy,2023_patch_115_fake.npy,context_aware_copy_paste
2023_patch_116.npy,2023_patch_116_fake.npy,context_aware_copy_paste
2023_patch_117.npy,2023_patch_117_fake.npy,radiometric_distortion
2023_patch_118.npy,2023_patch_118_fake.npy,noise_injection
2023_patch_119.npy,2023_patch_119_fake.npy,noise_injection
2023_patch_120.npy,2023_patch_120_fake.npy,noise_injection
2023_patch_121.npy,2023_patch_121_fake.npy,radiometric_distortion
2023_patch_122.npy,2023_patch_122_fake.npy,spectral_inconsistency
2023_patch_123.npy,2023_patch_123_fake.npy,noise_injection
2023_patch_124.npy,2023_patch_124_fake.npy,radiometric_distortion
2023_patch_125.npy,2023_patch_125_fake.npy,spectral_inconsistency
2023_patch_126.npy,2023_patch_126_fake.npy,noise_injection
2023_patch_127.npy,2023_patch_127_fake.npy,radiometric_distortion
2023_patch_128.npy,2023_patch_128_fake.npy,radiometric_distortion
2023_patch_129.npy,2023_patch_129_fake.npy,noise_injection
2023_patch_130.npy,2023_patch_130_fake.npy,noise_injection
2023_patch_131.npy,2023_patch_131_fake.npy,spectral_inconsistency
2023_patch_132.npy,2023_patch_132_fake.npy,spectral_inconsistency
2023_patch_133.npy,2023_patch_133_fake.npy,radiometric_distortion
2023_patch_134.npy,2023_patch_134_fake.npy,radiometric_distortion
2023_patch_135.npy,2023_patch_135_fake.npy,radiometric_distortion
2023_patch_136.npy,2023_patch_136_fake.npy,spectral_inconsistency
2023_patch_137.npy,2023_patch_137_fake.npy,noise_injection
2023_patch_138.npy,2023_patch_138_fake.npy,radiometric_distortion
2023_patch_139.npy,2023_patch_139_fake.npy,noise_injection
2023_patch_140.npy,2023_patch_140_fake.npy,context_aware_copy_paste
2023_patch_141.npy,2023_patch_141_fake.npy,spectral_inconsistency
2023_patch_142.npy,2023_patch_142_fake.npy,noise_injection
2023_patch_143.npy,2023_patch_143_fake.npy,noise_injection
2023_patch_144.npy,2023_patch_144_fake.npy,context_aware_copy_paste
2023_patch_145.npy,2023_patch_145_fake.npy,spectral_inconsistency
2023_patch_146.npy,2023_patch_146_fake.npy,noise_injection
2023_patch_147.npy,2023_patch_147_fake.npy,radiometric_distortion
2023_patch_148.npy,2023_patch_148_fake.npy,spectral_inconsistency
2023_patch_149.npy,2023_patch_149_fake.npy,radiometric_distortion
2024_patch_150.npy,2024_patch_150_fake.npy,radiometric_distortion
2024_patch_151.npy,2024_patch_151_fake.npy,noise_injection
2024_patch_152.npy,2024_patch_152_fake.npy,radiometric_distortion
2024_patch_153.npy,2024_patch_153_fake.npy,context_aware_copy_paste
2024_patch_154.npy,2024_patch_154_fake.npy,spectral_inconsistency
2024_patch_155.npy,2024_patch_155_fake.npy,noise_injection
2024_patch_156.npy,2024_patch_156_fake.npy,noise_injection
2024_patch_157.npy,2024_patch_157_fake.npy,noise_injection
2024_patch_158.npy,2024_patch_158_fake.npy,spectral_inconsistency
2024_patch_159.npy,2024_patch_159_fake.npy,context_aware_copy_paste
2024_patch_160.npy,2024_patch_160_fake.npy,context_aware_copy_paste
2024_patch_161.npy,2024_patch_161_fake.npy,noise_injection
2024_patch_162.npy,2024_patch_162_fake.npy,radiometric_distortion
2024_patch_163.npy,2024_patch_163_fake.npy,spectral_inconsistency
2024_patch_164.npy,2024_patch_164_fake.npy,context_aware_copy_paste
2024_patch_165.npy,2024_patch_165_fake.npy,radiometric_distortion
2024_patch_166.npy,2024_patch_166_fake.npy,spectral_inconsistency
2024_patch_167.npy,2024_patch_167_fake.npy,radiometric_distortion
2024_patch_168.npy,2024_patch_168_fake.npy,noise_injection
2024_patch_169.npy,2024_patch_169_fake.npy,spectral_inconsistency
2024_patch_170.npy,2024_patch_170_fake.npy,noise_injection
2024_patch_171.npy,2024_patch_171_fake.npy,context_aware_copy_paste
2024_patch_172.npy,2024_patch_172_fake.npy,noise_injection
2024_patch_173.npy,2024_patch_173_fake.npy,noise_injection
2024_patch_174.npy,2024_patch_174_fake.npy,spectral_inconsistency
2024_patch_175.npy,2024_patch_175_fake.npy,noise_injection
2024_patch_176.npy,2024_patch_176_fake.npy,spectral_inconsistency
2024_patch_177.npy,2024_patch_177_fake.npy,noise_injection
2024_patch_178.npy,2024_patch_178_fake.npy,context_aware_copy_paste
2024_patch_179.npy,2024_patch_179_fake.npy,noise_injection
2024_patch_180.npy,2024_patch_180_fake.npy,context_aware_copy_paste
2024_patch_181.npy,2024_patch_181_fake.npy,context_aware_copy_paste
2024_patch_182.npy,2024_patch_182_fake.npy,context_aware_copy_paste
2024_patch_183.npy,2024_patch_183_fake.npy,radiometric_distortion
2024_patch_184.npy,2024_patch_184_fake.npy,radiometric_distortion
2024_patch_185.npy,2024_patch_185_fake.npy,spectral_inconsistency
2024_patch_186.npy,2024_patch_186_fake.npy,spectral_inconsistency
2024_patch_187.npy,2024_patch_187_fake.npy,context_aware_copy_paste
2024_patch_188.npy,2024_patch_188_fake.npy,noise_injection
2024_patch_189.npy,2024_patch_189_fake.npy,radiometric_distortion
2024_patch_190.npy,2024_patch_190_fake.npy,noise_injection
2024_patch_191.npy,2024_patch_191_fake.npy,radiometric_distortion
2024_patch_192.npy,2024_patch_192_fake.npy,noise_injection
2024_patch_193.npy,2024_patch_193_fake.npy,context_aware_copy_paste
2024_patch_194.npy,2024_patch_194_fake.npy,spectral_inconsistency
2024_patch_195.npy,2024_patch_195_fake.npy,spectral_inconsistency
2024_patch_196.npy,2024_patch_196_fake.npy,spectral_inconsistency
2024_patch_197.npy,2024_patch_197_fake.npy,radiometric_distortion
2024_patch_198.npy,2024_patch_198_fake.npy,radiometric_distortion
2024_patch_199.npy,2024_patch_199_fake.npy,noise_injection
2025_patch_200.npy,2025_patch_200_fake.npy,noise_injection
2025_patch_201.npy,2025_patch_201_fake.npy,noise_injection
2025_patch_202.npy,2025_patch_202_fake.npy,context_aware_copy_paste
2025_patch_203.npy,2025_patch_203_fake.npy,context_aware_copy_paste
2025_patch_204.npy,2025_patch_204_fake.npy,spectral_inconsistency
2025_patch_205.npy,2025_patch_205_fake.npy,spectral_inconsistency
2025_patch_206.npy,2025_patch_206_fake.npy,spectral_inconsistency
2025_patch_207.npy,2025_patch_207_fake.npy,noise_injection
2025_patch_208.npy,2025_patch_208_fake.npy,context_aware_copy_paste
2025_patch_209.npy,2025_patch_209_fake.npy,spectral_inconsistency
2025_patch_210.npy,2025_patch_210_fake.npy,radiometric_distortion
2025_patch_211.npy,2025_patch_211_fake.npy,context_aware_copy_paste
2025_patch_212.npy,2025_patch_212_fake.npy,radiometric_distortion
2025_patch_213.npy,2025_patch_213_fake.npy,context_aware_copy_paste
2025_patch_214.npy,2025_patch_214_fake.npy,spectral_inconsistency
2025_patch_215.npy,2025_patch_215_fake.npy,radiometric_distortion
2025_patch_216.npy,2025_patch_216_fake.npy,context_aware_copy_paste
2025_patch_217.npy,2025_patch_217_fake.npy,radiometric_distortion
2025_patch_218.npy,2025_patch_218_fake.npy,context_aware_copy_paste
2025_patch_219.npy,2025_patch_219_fake.npy,noise_injection
2025_patch_220.npy,2025_patch_220_fake.npy,radiometric_distortion
2025_patch_221.npy,2025_patch_221_fake.npy,noise_injection
2025_patch_222.npy,2025_patch_222_fake.npy,noise_injection
2025_patch_223.npy,2025_patch_223_fake.npy,spectral_inconsistency
2025_patch_224.npy,2025_patch_224_fake.npy,noise_injection
2025_patch_225.npy,2025_patch_225_fake.npy,noise_injection
2025_patch_226.npy,2025_patch_226_fake.npy,spectral_inconsistency
2025_patch_227.npy,2025_patch_227_fake.npy,context_aware_copy_paste
2025_patch_228.npy,2025_patch_228_fake.npy,spectral_inconsistency
2025_patch_229.npy,2025_patch_229_fake.npy,radiometric_distortion
2025_patch_230.npy,2025_patch_230_fake.npy,context_aware_copy_paste
2025_patch_231.npy,2025_patch_231_fake.npy,radiometric_distortion
2025_patch_232.npy,2025_patch_232_fake.npy,spectral_inconsistency
2025_patch_233.npy,2025_patch_233_fake.npy,context_aware_copy_paste
2025_patch_234.npy,2025_patch_234_fake.npy,context_aware_copy_paste
2025_patch_235.npy,2025_patch_235_fake.npy,radiometric_distortion
2025_patch_236.npy,2025_patch_236_fake.npy,spectral_inconsistency
2025_patch_237.npy,2025_patch_237_fake.npy,spectral_inconsistency
2025_patch_238.npy,2025_patch_238_fake.npy,context_aware_copy_paste
2025_patch_239.npy,2025_patch_239_fake.npy,context_aware_copy_paste
2025_patch_240.npy,2025_patch_240_fake.npy,noise_injection
2025_patch_241.npy,2025_patch_241_fake.npy,context_aware_copy_paste
2025_patch_242.npy,2025_patch_242_fake.npy,radiometric_distortion
2025_patch_243.npy,2025_patch_243_fake.npy,context_aware_copy_paste
2025_patch_244.npy,2025_patch_244_fake.npy,radiometric_distortion
2025_patch_245.npy,2025_patch_245_fake.npy,noise_injection
2025_patch_246.npy,2025_patch_246_fake.npy,spectral_inconsistency
2025_patch_247.npy,2025_patch_247_fake.npy,noise_injection
2025_patch_248.npy,2025_patch_248_fake.npy,noise_injection
2025_patch_249.npy,2025_patch_249_fake.npy,radiometric_distortion
